{
  "veteran_information": {
    "full_name": {
      "first": "Mark",
      "middle": "E",
      "last": "Webb"
    },
    "ssn": "000000000",
    "va_file_number": "000000000",
    "birth_date": "1980-01-01"
  },
  "dependents_application" : {
    "veteran_contact_information": {
      "phone_number": "1112223333",
      "international_phone_number": "11122233344",
      "email_address": "nope@nope.org",
      "electronic_correspondence": true,
      "veteran_address": {
        "view:military_base_description": {},
        "country": "USA",
        "street": "123 Fake St.",
        "street2": "Apartment 22",
        "street3": "Building 8",
        "city": "Fakesville",
        "state": "AL",
        "postal_code": "12345"
      }
    },
    "student_information": [
      {
        "student_networth_information": {
          "savings": "100",
          "securities": "100",
          "real_estate": "100",
          "other_assets": "100",
          "total_value": "100"
        },
        "student_expected_earnings_next_year": {
          "earnings_from_all_employment": "100",
          "annual_social_security_payments": "100",
          "other_annuities_income": "100",
          "all_other_income": "100"
        },
        "student_earnings_from_school_year": {
          "earnings_from_all_employment": "100",
          "annual_social_security_payments": "100",
          "other_annuities_income": "100",
          "all_other_income": "100"
        },
        "school_information": {
          "isSchoolAccredited": true,
          "student_is_enrolled_full_time": false,
          "student_did_attend_school_last_term": false,
          "current_term_dates": {
            "official_school_start_date": "2024-09-25",
            "expected_student_start_date": "2024-09-12",
            "expected_graduation_date": "2028-05-18"
          },
          "last_term_school_information": {
            "term_begin": "2025-01-12",
            "date_term_ended": "2025-05-22"
          },
          "name": "Quest for Knowledge Trade programs"
        },
        "was_married": true,
        "marriage_date": "2023-07-04",
        "view:program_examples": {},
        "address": {
          "view:military_base_description": {},
          "country": "USA",
          "street": "123 Fake St",
          "city": "Fakesville",
          "state": "AL",
          "postal_code": "12345"
        },
        "student_income": false,
        "ssn": "000000000",
        "full_name": {
          "first": "Student",
          "middle": "",
          "last": "Doe"
        },
        "birth_date": "2001-04-12",
        "tuition_is_paid_by_gov_agency": true,
        "benefit_payment_date": "2001-06-19",
        "type_of_program_or_benefit": {
          "ch35": false,
          "fry": false,
          "feca": false,
          "other": false
        }
      }
    ],
    "child_stopped_attending_school": [
      {
        "dependent_income": false,
        "date_child_left_school": "2020-05-19",
        "full_name": {
          "first": "Jane",
          "last": "Doe"
        },
        "ssn": "111111111",
        "birth_date": "1991-04-19"
      }
    ]
  }
}